site	depth	min	max	median	mean
AngkorThom	0	2017	2024	2021	2021
AngkorThom	1	2017	2023	2021	2020
AngkorThom	2	2017	2022	2020	2020
AngkorThom	3	2016	2022	2020	2019
AngkorThom	4	2016	2021	2019	2019
AngkorThom	5	2016	2021	2019	2019
AngkorThom	6	2015	2020	2018	2018
AngkorThom	7	2015	2020	2018	2018
AngkorThom	8	2015	2019	2017	2017
AngkorThom	9	2014	2019	2017	2017
AngkorThom	10	2013	2019	2016	2016
AngkorThom	11	2013	2019	2016	2016
AngkorThom	12	2012	2018	2015	2015
AngkorThom	13	2011	2017	2014	2014
AngkorThom	14	2010	2015	2012	2012
AngkorThom	15	2009	2013	2011	2011
AngkorThom	16	2008	2012	2010	2010
AngkorThom	17	2006	2010	2008	2008
AngkorThom	18	2005	2009	2007	2007
AngkorThom	19	2003	2008	2005	2005
AngkorThom	20	2001	2007	2004	2004
AngkorThom	21	2000	2006	2002	2003
AngkorThom	22	1998	2005	2001	2001
AngkorThom	23	1996	2004	2000	2000
AngkorThom	24	1994	2003	1998	1998
AngkorThom	25	1983	1996	1991	1991
AngkorThom	26	1969	1988	1984	1983
AngkorThom	27	1955	1981	1977	1976
AngkorThom	28	1941	1973	1970	1968
AngkorThom	29	1927	1966	1963	1961
AngkorThom	30	1913	1959	1956	1953
AngkorThom	31	1899	1952	1949	1945
AngkorThom	32	1885	1945	1942	1938
AngkorThom	33	1871	1939	1935	1930
AngkorThom	34	1857	1932	1928	1923
AngkorThom	35	1843	1926	1921	1915
AngkorThom	36	1829	1919	1914	1908
AngkorThom	37	1827	1913	1905	1900
AngkorThom	38	1825	1911	1897	1892
AngkorThom	39	1822	1909	1888	1884
AngkorThom	40	1820	1907	1879	1876
AngkorThom	41	1816	1905	1871	1869
AngkorThom	42	1807	1903	1862	1861
AngkorThom	43	1794	1901	1854	1853
AngkorThom	44	1782	1899	1845	1845
AngkorThom	45	1768	1897	1836	1837
AngkorThom	46	1752	1895	1828	1830
AngkorThom	47	1740	1893	1819	1822
AngkorThom	48	1726	1891	1812	1814
AngkorThom	49	1724	1883	1803	1806
AngkorThom	50	1723	1875	1795	1798
AngkorThom	51	1722	1871	1787	1790
AngkorThom	52	1719	1866	1779	1782
AngkorThom	53	1718	1862	1771	1774
AngkorThom	54	1715	1858	1763	1766
AngkorThom	55	1714	1853	1755	1758
AngkorThom	56	1708	1848	1748	1750
AngkorThom	57	1700	1843	1740	1742
AngkorThom	58	1692	1839	1732	1735
AngkorThom	59	1680	1835	1724	1727
AngkorThom	60	1676	1830	1716	1719
AngkorThom	61	1665	1810	1704	1707
AngkorThom	62	1654	1789	1693	1695
AngkorThom	63	1643	1768	1682	1683
AngkorThom	64	1626	1747	1671	1671
AngkorThom	65	1608	1727	1661	1659
AngkorThom	66	1588	1706	1651	1647
AngkorThom	67	1569	1686	1641	1635
AngkorThom	68	1548	1667	1630	1623
AngkorThom	69	1528	1650	1620	1611
AngkorThom	70	1506	1641	1610	1599
AngkorThom	71	1485	1633	1599	1587
AngkorThom	72	1464	1625	1588	1575
AngkorThom	73	1460	1603	1570	1559
AngkorThom	74	1455	1581	1552	1542
AngkorThom	75	1450	1561	1534	1525
AngkorThom	76	1445	1541	1515	1508
AngkorThom	77	1439	1524	1496	1492
AngkorThom	78	1431	1508	1477	1475
AngkorThom	79	1422	1494	1459	1458
AngkorThom	80	1410	1480	1441	1441
AngkorThom	81	1391	1466	1424	1425
AngkorThom	82	1370	1453	1408	1408
AngkorThom	83	1348	1442	1391	1391
AngkorThom	84	1325	1431	1374	1375
AngkorThom	85	1316	1410	1361	1361
AngkorThom	86	1306	1391	1347	1347
AngkorThom	87	1295	1371	1334	1333
AngkorThom	88	1281	1352	1320	1319
AngkorThom	89	1264	1335	1306	1306
AngkorThom	90	1246	1322	1293	1292
AngkorThom	91	1229	1312	1279	1278
AngkorThom	92	1211	1303	1265	1264
AngkorThom	93	1192	1296	1252	1250
AngkorThom	94	1172	1289	1238	1237
AngkorThom	95	1153	1282	1224	1223
AngkorThom	96	1133	1276	1211	1209
AngkorThom	97	1128	1260	1201	1199
AngkorThom	98	1121	1247	1189	1189
AngkorThom	99	1115	1232	1178	1178
AngkorThom	100	1105	1220	1166	1168
AngkorThom	101	1094	1212	1156	1158
AngkorThom	102	1080	1206	1146	1148
AngkorThom	103	1067	1201	1136	1138
AngkorThom	104	1053	1196	1126	1127
AngkorThom	105	1036	1193	1116	1117
AngkorThom	106	1016	1189	1106	1107
AngkorThom	107	998	1185	1095	1097
AngkorThom	108	978	1182	1085	1087
AngkorThom	109	959	1162	1066	1072
AngkorThom	110	936	1148	1047	1057
AngkorThom	111	916	1137	1031	1042
AngkorThom	112	900	1128	1020	1026
AngkorThom	113	880	1122	1010	1011
AngkorThom	114	844	1116	998	996
AngkorThom	115	809	1111	987	981
AngkorThom	116	773	1107	975	966
AngkorThom	117	728	1104	964	951
AngkorThom	118	688	1099	952	936
AngkorThom	119	646	1096	939	921
AngkorThom	120	602	1093	926	906
AngkorThom	121	579	1075	907	887
AngkorThom	122	558	1061	887	867
AngkorThom	123	534	1049	868	848
AngkorThom	124	501	1039	849	829
AngkorThom	125	466	1033	830	809
Reflecting	0	2017	2024	2022	2022
Reflecting	1	2016	2024	2021	2021
Reflecting	2	2016	2023	2020	2020
Reflecting	3	2015	2023	2019	2019
Reflecting	4	2014	2023	2018	2018
Reflecting	5	2013	2023	2017	2017
Reflecting	6	2013	2021	2017	2017
Reflecting	7	2012	2020	2016	2016
Reflecting	8	2012	2019	2015	2015
Reflecting	9	2011	2018	2014	2014
Reflecting	10	2010	2018	2014	2014
Reflecting	11	2006	2016	2012	2011
Reflecting	12	2001	2015	2010	2009
Reflecting	13	1996	2014	2009	2007
Reflecting	14	1991	2013	2007	2005
Reflecting	15	1987	2012	2006	2002
Reflecting	16	1981	2003	1996	1994
Reflecting	17	1975	1995	1987	1985
Reflecting	18	1969	1988	1977	1976
Reflecting	19	1963	1981	1967	1968
Reflecting	20	1956	1975	1957	1959
Reflecting	21	1938	1967	1953	1952
Reflecting	22	1919	1958	1947	1944
Reflecting	23	1899	1955	1941	1937
Reflecting	24	1879	1954	1935	1930
Reflecting	25	1859	1953	1928	1922
Reflecting	26	1855	1946	1921	1916
Reflecting	27	1848	1941	1915	1909
Reflecting	28	1842	1938	1909	1902
Reflecting	29	1836	1935	1902	1895
Reflecting	30	1829	1933	1896	1889
Reflecting	31	1817	1922	1888	1879
Reflecting	32	1800	1916	1880	1870
Reflecting	33	1780	1913	1871	1861
Reflecting	34	1757	1910	1862	1852
Reflecting	35	1733	1907	1853	1842
Reflecting	36	1727	1901	1846	1834
Reflecting	37	1723	1897	1841	1826
Reflecting	38	1717	1893	1836	1817
Reflecting	39	1709	1891	1831	1809
Reflecting	40	1696	1889	1825	1800
Reflecting	41	1690	1881	1819	1793
Reflecting	42	1680	1874	1814	1785
Reflecting	43	1670	1869	1808	1777
Reflecting	44	1656	1865	1803	1770
Reflecting	45	1639	1862	1796	1762
Reflecting	46	1635	1852	1793	1755
Reflecting	47	1629	1840	1790	1748
Reflecting	48	1622	1833	1785	1741
Reflecting	49	1613	1828	1778	1734
Reflecting	50	1601	1823	1771	1727
Reflecting	51	1597	1818	1763	1721
Reflecting	52	1593	1814	1750	1715
Reflecting	53	1587	1808	1738	1709
Reflecting	54	1580	1804	1726	1703
Reflecting	55	1571	1799	1713	1697
Reflecting	56	1568	1796	1704	1692
Reflecting	57	1565	1793	1694	1687
Reflecting	58	1561	1792	1683	1682
Reflecting	59	1556	1790	1671	1677
Reflecting	60	1551	1788	1661	1672
Reflecting	61	1548	1781	1656	1667
Reflecting	62	1546	1777	1653	1662
Reflecting	63	1541	1772	1650	1656
Reflecting	64	1536	1768	1648	1651
Reflecting	65	1531	1765	1645	1646
Reflecting	66	1529	1759	1642	1641
Reflecting	67	1527	1754	1639	1637
Reflecting	68	1523	1750	1636	1632
Reflecting	69	1519	1745	1634	1628
Reflecting	70	1516	1742	1631	1623
Reflecting	71	1514	1730	1626	1617
Reflecting	72	1511	1721	1622	1612
Reflecting	73	1507	1712	1617	1606
Reflecting	74	1504	1706	1612	1600
Reflecting	75	1499	1697	1605	1594
Reflecting	76	1497	1683	1601	1588
Reflecting	77	1495	1668	1596	1583
Reflecting	78	1492	1655	1591	1577
Reflecting	79	1488	1643	1585	1571
Reflecting	80	1484	1636	1579	1566
Reflecting	81	1482	1630	1574	1561
Reflecting	82	1481	1627	1567	1557
Reflecting	83	1478	1623	1557	1553
Reflecting	84	1475	1620	1550	1548
Reflecting	85	1473	1617	1541	1544
Reflecting	86	1471	1612	1534	1540
Reflecting	87	1470	1607	1528	1536
Reflecting	88	1468	1604	1522	1532
Reflecting	89	1465	1601	1517	1528
Reflecting	90	1462	1599	1512	1524
Reflecting	91	1461	1590	1509	1519
Reflecting	92	1460	1583	1506	1515
Reflecting	93	1458	1577	1503	1510
Reflecting	94	1456	1573	1499	1506
Reflecting	95	1453	1569	1495	1501
Reflecting	96	1452	1560	1492	1497
Reflecting	97	1450	1554	1488	1493
Reflecting	98	1448	1548	1485	1489
Reflecting	99	1447	1543	1481	1485
Reflecting	100	1444	1539	1477	1481
Reflecting	101	1443	1529	1475	1478
Reflecting	102	1442	1521	1472	1475
Reflecting	103	1441	1514	1470	1472
Reflecting	104	1439	1509	1468	1469
Reflecting	105	1437	1506	1465	1466
Reflecting	106	1436	1501	1463	1464
Reflecting	107	1435	1497	1461	1462
Reflecting	108	1433	1493	1458	1459
Reflecting	109	1431	1490	1456	1457
Reflecting	110	1429	1488	1453	1454
Reflecting	111	1427	1481	1450	1451
Reflecting	112	1426	1476	1447	1448
Reflecting	113	1424	1471	1444	1445
Reflecting	114	1421	1468	1441	1442
Reflecting	115	1417	1465	1438	1439
Reflecting	116	1415	1461	1436	1436
Reflecting	117	1413	1456	1433	1433
Reflecting	118	1410	1454	1431	1431
Reflecting	119	1407	1451	1428	1428
Reflecting	120	1403	1449	1426	1426
Reflecting	121	1401	1444	1422	1422
Reflecting	122	1398	1438	1418	1419
Reflecting	123	1394	1436	1415	1415
Reflecting	124	1390	1434	1412	1412
Reflecting	125	1383	1432	1408	1408
Reflecting	126	1381	1425	1404	1404
Reflecting	127	1379	1419	1399	1399
Reflecting	128	1375	1416	1394	1394
Reflecting	129	1370	1413	1389	1390
Reflecting	130	1364	1411	1384	1385
Reflecting	131	1362	1402	1380	1381
Reflecting	132	1358	1396	1376	1377
Reflecting	133	1354	1392	1372	1372
Reflecting	134	1346	1389	1368	1368
Reflecting	135	1337	1387	1364	1364
Reflecting	136	1334	1383	1361	1360
Reflecting	137	1332	1379	1357	1356
Reflecting	138	1327	1376	1353	1353
Reflecting	139	1321	1374	1350	1349
Reflecting	140	1313	1372	1346	1345
Reflecting	141	1311	1366	1342	1341
Reflecting	142	1307	1361	1337	1336
Reflecting	143	1301	1358	1333	1332
Reflecting	144	1293	1355	1329	1328
Reflecting	145	1284	1353	1325	1323
Reflecting	146	1277	1350	1318	1317
Reflecting	147	1265	1347	1312	1310
Reflecting	148	1251	1345	1306	1304
Reflecting	149	1235	1343	1300	1298
Reflecting	150	1218	1341	1295	1291
Reflecting	151	1209	1337	1288	1285
Reflecting	152	1199	1334	1282	1279
Reflecting	153	1186	1332	1275	1273
Reflecting	154	1173	1329	1270	1267
Reflecting	155	1157	1328	1264	1261
Reflecting	156	1151	1324	1259	1256
Reflecting	157	1141	1321	1254	1251
Reflecting	158	1130	1318	1250	1246
Reflecting	159	1118	1316	1245	1241
Reflecting	160	1106	1314	1241	1236
Reflecting	161	1101	1306	1235	1228
Reflecting	162	1093	1300	1228	1221
Reflecting	163	1086	1296	1220	1213
Reflecting	164	1077	1293	1212	1206
Reflecting	165	1067	1290	1204	1198
Reflecting	166	1063	1269	1192	1185
Reflecting	167	1059	1254	1178	1173
Reflecting	168	1053	1242	1166	1160
Reflecting	169	1047	1233	1153	1147
Reflecting	170	1036	1224	1140	1134
Reflecting	171	1027	1205	1128	1122
Reflecting	172	1016	1197	1116	1109
Reflecting	173	1000	1190	1104	1097
Reflecting	174	978	1181	1091	1084
Reflecting	175	953	1175	1079	1072
Reflecting	176	940	1165	1065	1060
Reflecting	177	924	1157	1053	1048
Reflecting	178	908	1149	1040	1037
Reflecting	179	887	1142	1028	1025
Reflecting	180	859	1137	1017	1013
Reflecting	181	852	1129	1005	1002
Reflecting	182	842	1121	994	992
Reflecting	183	825	1114	984	981
Reflecting	184	809	1108	973	970
Reflecting	185	785	1103	963	960
Reflecting	186	776	1094	953	949
Reflecting	187	761	1087	943	939
Reflecting	188	747	1080	932	929
Reflecting	189	732	1076	922	918
Reflecting	190	713	1071	913	908
					
					
					
					
					
					
					
					
					
					
					
					
					
					
					
					
					
					
					
					
					
					
					
					
					
					
					
					
					
					
					
					
					
					
					
					
					
					
					
					
					
					
					
					
					
					
					
					
					
					
					
					
					
					
					
					
					
					
					
					
					
					
					
					
					
					
					
					
					
					
					
					
					
					
					
					
					
					
					
					
					
					
					
					
					
					
					
					
					
					
					
					
					
					
					
					
					
					
					
					
					
					
					
					
					
					
					
					
					
					
					
					
					
					
					
					
					
					
					
					
					
					
					
					
					
					
					
					
					
					
					
					
					
					
					
					
					
					
					
					
					
					
					
					
					
					
					
					
					
					
					
					
					
					
					
					
					
					
					
					
					
					
					
					
					
					
					
					
					
					
					
					
					
					
					
					
					
					
					
					
					
					
					
					
					
					
					
					
					
					
					
					
					
					
					
					
					
					
					
					
					
					
					
					
					
					
					
					
					
					
					
					
					
					
					
					
					
					
					
					
					
					
					
					
					
					
					
					
					
					
					
					
					
					
					
					
					
					
					
					
					
					
					
					
					
					
					
					
					
					
					
					
					
					
					
					
					
					
					
					
					
					
					
					
					
					
					
					
					
					
					
					
					
					
					
					
					
					
					
					
					
					
					
					
					
					
					
					
					
					
					
					
					
					
					
					
					
					
					
					
					
					
					
					
					
					
					
					
					
					
					
					
					
					
					
					
					
					
					
					
					
					
					
					
					
					
					
					
					
					
					
					
					
					
					
					
					
					
					
					
					
					
					
					
					
					
					
					
					
					
					
					
					
					
					
					
					
					
					
					
					
					
					
					
					
					
					
					
					
					
					
					
					
					
					
					
					
					
					
					
					
					
					
					
					
					
					
					
					
					
					
					
					
					
					
					
					
					
					
					
					
					
					
					
					
					
					
					
					
					
					
					
					
					
					
					
					
					
					
					
					
					
					
					
					
					
					
					
					
					
					
					
					
					
					
					
					
					
					
					
					
					
					
					
					
					
					
					
					
					
					
					
					
					
					
					
					
					
					
					
					
					
					
					
					
					
					
					
					
					
					
					
					
					
					
					
					
					
					
					
					
					
					
					
					
					
					
					
					
					
					
					
					
					
					
					
					
					
					
					
					
					
					
					
					
					
					
					
					
					
					
					
					
					
					
					
					
					
					
					
					
					
					
					
					
					
					
					
					
					
					
					
					
					
					
					
					
					
					
					
					
					
					
					
					
					
					
					
					
					
					
					
					
					
					
					
					
					
					
					
					
					
					
					
					
					
					
					
					
					
					
					
					
					
					
					
					
					
					
					
					
					
					
					
					
					
					
					
					
					
					
					
					
					
					
					
					
					
					
					
					
					
					
					
					
					
					
					
					
					
					
					
					
					
					
					
					
					
					
					
					
					
					
					
					
					
					
					
					
					
					
					
					
					
					
					
					
					
					
					
					
					
					
					
					
					
					
					
					
					
					
					
					
					
					
					
					
					
					
					
					
					
					
					
					
					
					
					
					
					
					
					
					
					
					
					
					
					
					
					