field_sample_parent_id	field_sample_id	archive_sample_id	library_id	Master.Depth..cm.	Library.Prep.Method	ArchiveSampleDepthCalTape	time	basedir	basename	aggregate_stat_files
CAM2208M	CAM22-08	LV3005273250	LV7001884436	NA	double strand DNA Library Method	44.5	44.5	/projects/caeg/data/production/LV30/0527/LV3005273250/20230414_BHMGMJDSX5_LV7001884436	 LV3005273250_LV7001884436	/projects/caeg/data/production/LV30/0527/LV3005273250/20230414_BHMGMJDSX5_LV7001884436/stats/metadmg/aggregate//LV3005273250_LV7001884436_collapsed.stat.gz
CAM2208M	CAM22-08	LV3005273250	LV7001884436	NA	double strand DNA Library Method	44.5	44.5	/projects/caeg/data/production/LV30/0527/LV3005273250/20230414_BHMGMJDSX5_LV7001884436	 LV3005273250_LV7001884436	/projects/caeg/data/production/LV30/0527/LV3005273250/20230414_BHMGMJDSX5_LV7001884436/stats/metadmg/aggregate//LV3005273250_LV7001884436_collapsed.stat.gz
CAM2208M	CAM22-08	LV3005273235	LV7001884448	NA	double strand DNA Library Method	49	49	/projects/caeg/data/production/LV30/0527/LV3005273235/20230414_BHMGMJDSX5_LV7001884448	 LV3005273235_LV7001884448	/projects/caeg/data/production/LV30/0527/LV3005273235/20230414_BHMGMJDSX5_LV7001884448/stats/metadmg/aggregate//LV3005273235_LV7001884448_collapsed.stat.gz
CAM2208M	CAM22-08	LV3005273235	LV7001884448	NA	double strand DNA Library Method	49	49	/projects/caeg/data/production/LV30/0527/LV3005273235/20230414_BHMGMJDSX5_LV7001884448	 LV3005273235_LV7001884448	/projects/caeg/data/production/LV30/0527/LV3005273235/20230414_BHMGMJDSX5_LV7001884448/stats/metadmg/aggregate//LV3005273235_LV7001884448_collapsed.stat.gz
CAM2208M	CAM22-08	LV3005273242	LV7001884491	NA	double strand DNA Library Method	46	46	/projects/caeg/data/production/LV30/0527/LV3005273242/20230414_BHMGMJDSX5_LV7001884491	 LV3005273242_LV7001884491	/projects/caeg/data/production/LV30/0527/LV3005273242/20230414_BHMGMJDSX5_LV7001884491/stats/metadmg/aggregate//LV3005273242_LV7001884491_collapsed.stat.gz
CAM2208M	CAM22-08	LV3005273242	LV7001884491	NA	double strand DNA Library Method	46	46	/projects/caeg/data/production/LV30/0527/LV3005273242/20230414_BHMGMJDSX5_LV7001884491	 LV3005273242_LV7001884491	/projects/caeg/data/production/LV30/0527/LV3005273242/20230414_BHMGMJDSX5_LV7001884491/stats/metadmg/aggregate//LV3005273242_LV7001884491_collapsed.stat.gz
CAM2208M	CAM22-08	LV3005273246	LV7001887833	NA	double strand DNA Library Method	43	43	/projects/caeg/data/production/LV30/0527/LV3005273246/20230414_BHMGMJDSX5_LV7001887833	 LV3005273246_LV7001887833	/projects/caeg/data/production/LV30/0527/LV3005273246/20230414_BHMGMJDSX5_LV7001887833/stats/metadmg/aggregate//LV3005273246_LV7001887833_collapsed.stat.gz
CAM2208M	CAM22-08	LV3005273246	LV7001887833	NA	double strand DNA Library Method	43	43	/projects/caeg/data/production/LV30/0527/LV3005273246/20230414_BHMGMJDSX5_LV7001887833	 LV3005273246_LV7001887833	/projects/caeg/data/production/LV30/0527/LV3005273246/20230414_BHMGMJDSX5_LV7001887833/stats/metadmg/aggregate//LV3005273246_LV7001887833_collapsed.stat.gz
CAM2208M	CAM22-08	LV3005273227	LV7001902859	NA	double strand DNA Library Method	41	41	/projects/caeg/data/production/LV30/0527/LV3005273227/20230414_BHMGMJDSX5_LV7001902859	 LV3005273227_LV7001902859	/projects/caeg/data/production/LV30/0527/LV3005273227/20230414_BHMGMJDSX5_LV7001902859/stats/metadmg/aggregate//LV3005273227_LV7001902859_collapsed.stat.gz
CAM2208M	CAM22-08	LV3005273227	LV7001902859	NA	double strand DNA Library Method	41	41	/projects/caeg/data/production/LV30/0527/LV3005273227/20230414_BHMGMJDSX5_LV7001902859	 LV3005273227_LV7001902859	/projects/caeg/data/production/LV30/0527/LV3005273227/20230414_BHMGMJDSX5_LV7001902859/stats/metadmg/aggregate//LV3005273227_LV7001902859_collapsed.stat.gz
CAM2208M	CAM22-08	LV3005273248	LV7001903371	NA	double strand DNA Library Method	47.5	47.5	/projects/caeg/data/production/LV30/0527/LV3005273248/20230414_BHMGMJDSX5_LV7001903371	 LV3005273248_LV7001903371	/projects/caeg/data/production/LV30/0527/LV3005273248/20230414_BHMGMJDSX5_LV7001903371/stats/metadmg/aggregate//LV3005273248_LV7001903371_collapsed.stat.gz
CAM2208M	CAM22-08	LV3005273248	LV7001903371	NA	double strand DNA Library Method	47.5	47.5	/projects/caeg/data/production/LV30/0527/LV3005273248/20230414_BHMGMJDSX5_LV7001903371	 LV3005273248_LV7001903371	/projects/caeg/data/production/LV30/0527/LV3005273248/20230414_BHMGMJDSX5_LV7001903371/stats/metadmg/aggregate//LV3005273248_LV7001903371_collapsed.stat.gz
CAM2208M	CAM22-08	LV3005272689	LV7009026435	NA	double strand DNA Library Method	114.5	114.5	/projects/caeg/data/production/LV7/009/026/LV7009026435/20230927_AHNLW5DSX5	 Lib_LV7009026435	/projects/caeg/data/production/LV7/009/026/LV7009026435/20230927_AHNLW5DSX5/stats/metadmg/aggregate//Lib_LV7009026435_collapsed.stat.gz
CAM2208M	CAM22-08	LV3005273253	LV7009026436	NA	double strand DNA Library Method	105	105	/projects/caeg/data/production/LV7/009/026/LV7009026436/20230927_AHNLW5DSX5	 Lib_LV7009026436	/projects/caeg/data/production/LV7/009/026/LV7009026436/20230927_AHNLW5DSX5/stats/metadmg/aggregate//Lib_LV7009026436_collapsed.stat.gz
CAM2208M	CAM22-08	LV3005273276	LV7009026437	NA	double strand DNA Library Method	93.5	93.5	/projects/caeg/data/production/LV7/009/026/LV7009026437/20230927_AHNLW5DSX5	 Lib_LV7009026437	/projects/caeg/data/production/LV7/009/026/LV7009026437/20230927_AHNLW5DSX5/stats/metadmg/aggregate//Lib_LV7009026437_collapsed.stat.gz
CAM2208M	CAM22-08	LV3005273265	LV7009026438	NA	double strand DNA Library Method	82	82	/projects/caeg/data/production/LV7/009/026/LV7009026438/20230927_AHNLW5DSX5	 Lib_LV7009026438	/projects/caeg/data/production/LV7/009/026/LV7009026438/20230927_AHNLW5DSX5/stats/metadmg/aggregate//Lib_LV7009026438_collapsed.stat.gz
CAM2208M	CAM22-08	LV3005273228	LV7009026439	NA	double strand DNA Library Method	71.5	71.5	/projects/caeg/data/production/LV7/009/026/LV7009026439/20230927_AHNLW5DSX5	 Lib_LV7009026439	/projects/caeg/data/production/LV7/009/026/LV7009026439/20230927_AHNLW5DSX5/stats/metadmg/aggregate//Lib_LV7009026439_collapsed.stat.gz
CAM2208M	CAM22-08	LV3005273239	LV7009026440	NA	double strand DNA Library Method	60.5	60.5	/projects/caeg/data/production/LV7/009/026/LV7009026440/20230927_AHNLW5DSX5	 Lib_LV7009026440	/projects/caeg/data/production/LV7/009/026/LV7009026440/20230927_AHNLW5DSX5/stats/metadmg/aggregate//Lib_LV7009026440_collapsed.stat.gz
CAM2208M	CAM22-08	LV3005272696	LV7009026447	NA	double strand DNA Library Method	116	116	/projects/caeg/data/production/LV7/009/026/LV7009026447/20230927_AHNLW5DSX5	 Lib_LV7009026447	/projects/caeg/data/production/LV7/009/026/LV7009026447/20230927_AHNLW5DSX5/stats/metadmg/aggregate//Lib_LV7009026447_collapsed.stat.gz
CAM2208M	CAM22-08	LV3005273254	LV7009026449	NA	double strand DNA Library Method	95	95	/projects/caeg/data/production/LV7/009/026/LV7009026449/20230927_AHNLW5DSX5	 Lib_LV7009026449	/projects/caeg/data/production/LV7/009/026/LV7009026449/20230927_AHNLW5DSX5/stats/metadmg/aggregate//Lib_LV7009026449_collapsed.stat.gz
CAM2208M	CAM22-08	LV3005273270	LV7009026450	NA	double strand DNA Library Method	83.5	83.5	/projects/caeg/data/production/LV7/009/026/LV7009026450/20230927_AHNLW5DSX5	 Lib_LV7009026450	/projects/caeg/data/production/LV7/009/026/LV7009026450/20230927_AHNLW5DSX5/stats/metadmg/aggregate//Lib_LV7009026450_collapsed.stat.gz
CAM2208M	CAM22-08	LV3005273247	LV7009026451	NA	double strand DNA Library Method	73	73	/projects/caeg/data/production/LV7/009/026/LV7009026451/20230927_AHNLW5DSX5	 Lib_LV7009026451	/projects/caeg/data/production/LV7/009/026/LV7009026451/20230927_AHNLW5DSX5/stats/metadmg/aggregate//Lib_LV7009026451_collapsed.stat.gz
CAM2208M	CAM22-08	LV3005273245	LV7009026452	NA	double strand DNA Library Method	62	62	/projects/caeg/data/production/LV7/009/026/LV7009026452/20230927_AHNLW5DSX5	 Lib_LV7009026452	/projects/caeg/data/production/LV7/009/026/LV7009026452/20230927_AHNLW5DSX5/stats/metadmg/aggregate//Lib_LV7009026452_collapsed.stat.gz
CAM2208M	CAM22-08	LV3005272708	LV7009026459	NA	double strand DNA Library Method	117.5	117.5	/projects/caeg/data/production/LV7/009/026/LV7009026459/20230927_AHNLW5DSX5	 Lib_LV7009026459	/projects/caeg/data/production/LV7/009/026/LV7009026459/20230927_AHNLW5DSX5/stats/metadmg/aggregate//Lib_LV7009026459_collapsed.stat.gz
CAM2208M	CAM22-08	LV3005273269	LV7009026460	NA	double strand DNA Library Method	106.5	106.5	/projects/caeg/data/production/LV7/009/026/LV7009026460/20230927_AHNLW5DSX5	 Lib_LV7009026460	/projects/caeg/data/production/LV7/009/026/LV7009026460/20230927_AHNLW5DSX5/stats/metadmg/aggregate//Lib_LV7009026460_collapsed.stat.gz
CAM2208M	CAM22-08	LV3005273281	LV7009026462	NA	double strand DNA Library Method	85	85	/projects/caeg/data/production/LV7/009/026/LV7009026462/20230927_AHNLW5DSX5	 Lib_LV7009026462	/projects/caeg/data/production/LV7/009/026/LV7009026462/20230927_AHNLW5DSX5/stats/metadmg/aggregate//Lib_LV7009026462_collapsed.stat.gz
CAM2208M	CAM22-08	LV3005273282	LV7009026463	NA	double strand DNA Library Method	74.5	74.5	/projects/caeg/data/production/LV7/009/026/LV7009026463/20230927_AHNLW5DSX5	 Lib_LV7009026463	/projects/caeg/data/production/LV7/009/026/LV7009026463/20230927_AHNLW5DSX5/stats/metadmg/aggregate//Lib_LV7009026463_collapsed.stat.gz
CAM2208M	CAM22-08	LV3005273244	LV7009026464	NA	double strand DNA Library Method	63.5	63.5	/projects/caeg/data/production/LV7/009/026/LV7009026464/20230927_AHNLW5DSX5	 Lib_LV7009026464	/projects/caeg/data/production/LV7/009/026/LV7009026464/20230927_AHNLW5DSX5/stats/metadmg/aggregate//Lib_LV7009026464_collapsed.stat.gz
CAM2208M	CAM22-08	LV3005272702	LV7009026471	NA	double strand DNA Library Method	119	119	/projects/caeg/data/production/LV7/009/026/LV7009026471/20230927_AHNLW5DSX5	 Lib_LV7009026471	/projects/caeg/data/production/LV7/009/026/LV7009026471/20230927_AHNLW5DSX5/stats/metadmg/aggregate//Lib_LV7009026471_collapsed.stat.gz
CAM2208M	CAM22-08	LV3005273280	LV7009026472	NA	double strand DNA Library Method	108	108	/projects/caeg/data/production/LV7/009/026/LV7009026472/20230927_AHNLW5DSX5	 Lib_LV7009026472	/projects/caeg/data/production/LV7/009/026/LV7009026472/20230927_AHNLW5DSX5/stats/metadmg/aggregate//Lib_LV7009026472_collapsed.stat.gz
CAM2208M	CAM22-08	LV3005273263	LV7009026473	NA	double strand DNA Library Method	98	98	/projects/caeg/data/production/LV7/009/026/LV7009026473/20230927_AHNLW5DSX5	 Lib_LV7009026473	/projects/caeg/data/production/LV7/009/026/LV7009026473/20230927_AHNLW5DSX5/stats/metadmg/aggregate//Lib_LV7009026473_collapsed.stat.gz
CAM2208M	CAM22-08	LV3005273255	LV7009026474	NA	double strand DNA Library Method	86.5	86.5	/projects/caeg/data/production/LV7/009/026/LV7009026474/20230927_AHNLW5DSX5	 Lib_LV7009026474	/projects/caeg/data/production/LV7/009/026/LV7009026474/20230927_AHNLW5DSX5/stats/metadmg/aggregate//Lib_LV7009026474_collapsed.stat.gz
CAM2208M	CAM22-08	LV3005273258	LV7009026475	NA	double strand DNA Library Method	76	76	/projects/caeg/data/production/LV7/009/026/LV7009026475/20230927_AHNLW5DSX5	 Lib_LV7009026475	/projects/caeg/data/production/LV7/009/026/LV7009026475/20230927_AHNLW5DSX5/stats/metadmg/aggregate//Lib_LV7009026475_collapsed.stat.gz
CAM2208M	CAM22-08	LV3005273232	LV7009026476	NA	double strand DNA Library Method	64.5	64.5	/projects/caeg/data/production/LV7/009/026/LV7009026476/20230927_AHNLW5DSX5	 Lib_LV7009026476	/projects/caeg/data/production/LV7/009/026/LV7009026476/20230927_AHNLW5DSX5/stats/metadmg/aggregate//Lib_LV7009026476_collapsed.stat.gz
CAM2208M	CAM22-08	LV3005272703	LV7009026483	NA	double strand DNA Library Method	120	120	/projects/caeg/data/production/LV7/009/026/LV7009026483/20230927_AHNLW5DSX5	 Lib_LV7009026483	/projects/caeg/data/production/LV7/009/026/LV7009026483/20230927_AHNLW5DSX5/stats/metadmg/aggregate//Lib_LV7009026483_collapsed.stat.gz
CAM2208M	CAM22-08	LV3005272684	LV7009026484	NA	double strand DNA Library Method	109.5	109.5	/projects/caeg/data/production/LV7/009/026/LV7009026484/20230927_AHNLW5DSX5	 Lib_LV7009026484	/projects/caeg/data/production/LV7/009/026/LV7009026484/20230927_AHNLW5DSX5/stats/metadmg/aggregate//Lib_LV7009026484_collapsed.stat.gz
CAM2208M	CAM22-08	LV3005273256	LV7009026485	NA	double strand DNA Library Method	99.5	99.5	/projects/caeg/data/production/LV7/009/026/LV7009026485/20230927_AHNLW5DSX5	 Lib_LV7009026485	/projects/caeg/data/production/LV7/009/026/LV7009026485/20230927_AHNLW5DSX5/stats/metadmg/aggregate//Lib_LV7009026485_collapsed.stat.gz
CAM2208M	CAM22-08	LV3005273278	LV7009026486	NA	double strand DNA Library Method	88	88	/projects/caeg/data/production/LV7/009/026/LV7009026486/20230927_AHNLW5DSX5	 Lib_LV7009026486	/projects/caeg/data/production/LV7/009/026/LV7009026486/20230927_AHNLW5DSX5/stats/metadmg/aggregate//Lib_LV7009026486_collapsed.stat.gz
CAM2208M	CAM22-08	LV3005273271	LV7009026487	NA	double strand DNA Library Method	77.5	77.5	/projects/caeg/data/production/LV7/009/026/LV7009026487/20230927_AHNLW5DSX5	 Lib_LV7009026487	/projects/caeg/data/production/LV7/009/026/LV7009026487/20230927_AHNLW5DSX5/stats/metadmg/aggregate//Lib_LV7009026487_collapsed.stat.gz
CAM2208M	CAM22-08	LV3005273231	LV7009026488	NA	double strand DNA Library Method	66	66	/projects/caeg/data/production/LV7/009/026/LV7009026488/20230927_AHNLW5DSX5	 Lib_LV7009026488	/projects/caeg/data/production/LV7/009/026/LV7009026488/20230927_AHNLW5DSX5/stats/metadmg/aggregate//Lib_LV7009026488_collapsed.stat.gz
CAM2208M	CAM22-08	LV3005273260	LV7009026495	NA	double strand DNA Library Method	96.5	96.5	/projects/caeg/data/production/LV7/009/026/LV7009026495/20230927_AHNLW5DSX5	 Lib_LV7009026495	/projects/caeg/data/production/LV7/009/026/LV7009026495/20230927_AHNLW5DSX5/stats/metadmg/aggregate//Lib_LV7009026495_collapsed.stat.gz
CAM2208M	CAM22-08	LV3005272691	LV7009026496	NA	double strand DNA Library Method	110.5	110.5	/projects/caeg/data/production/LV7/009/026/LV7009026496/20230927_AHNLW5DSX5	 Lib_LV7009026496	/projects/caeg/data/production/LV7/009/026/LV7009026496/20230927_AHNLW5DSX5/stats/metadmg/aggregate//Lib_LV7009026496_collapsed.stat.gz
CAM2208M	CAM22-08	LV3005273266	LV7009026497	NA	double strand DNA Library Method	101	101	/projects/caeg/data/production/LV7/009/026/LV7009026497/20230927_AHNLW5DSX5	 Lib_LV7009026497	/projects/caeg/data/production/LV7/009/026/LV7009026497/20230927_AHNLW5DSX5/stats/metadmg/aggregate//Lib_LV7009026497_collapsed.stat.gz
CAM2208M	CAM22-08	LV3005273268	LV7009026498	NA	double strand DNA Library Method	89.5	89.5	/projects/caeg/data/production/LV7/009/026/LV7009026498/20230927_AHNLW5DSX5	 Lib_LV7009026498	/projects/caeg/data/production/LV7/009/026/LV7009026498/20230927_AHNLW5DSX5/stats/metadmg/aggregate//Lib_LV7009026498_collapsed.stat.gz
CAM2208M	CAM22-08	LV3005273264	LV7009026499	NA	double strand DNA Library Method	79	79	/projects/caeg/data/production/LV7/009/026/LV7009026499/20230927_AHNLW5DSX5	 Lib_LV7009026499	/projects/caeg/data/production/LV7/009/026/LV7009026499/20230927_AHNLW5DSX5/stats/metadmg/aggregate//Lib_LV7009026499_collapsed.stat.gz
CAM2208M	CAM22-08	LV3005273243	LV7009026500	NA	double strand DNA Library Method	67.5	67.5	/projects/caeg/data/production/LV7/009/026/LV7009026500/20230927_AHNLW5DSX5	 Lib_LV7009026500	/projects/caeg/data/production/LV7/009/026/LV7009026500/20230927_AHNLW5DSX5/stats/metadmg/aggregate//Lib_LV7009026500_collapsed.stat.gz
CAM2208M	CAM22-08	LV3005272698	LV7009026508	NA	double strand DNA Library Method	112	112	/projects/caeg/data/production/LV7/009/026/LV7009026508/20230927_AHNLW5DSX5	 Lib_LV7009026508	/projects/caeg/data/production/LV7/009/026/LV7009026508/20230927_AHNLW5DSX5/stats/metadmg/aggregate//Lib_LV7009026508_collapsed.stat.gz
CAM2208M	CAM22-08	LV3005273272	LV7009026509	NA	double strand DNA Library Method	102.5	102.5	/projects/caeg/data/production/LV7/009/026/LV7009026509/20230927_AHNLW5DSX5	 Lib_LV7009026509	/projects/caeg/data/production/LV7/009/026/LV7009026509/20230927_AHNLW5DSX5/stats/metadmg/aggregate//Lib_LV7009026509_collapsed.stat.gz
CAM2208M	CAM22-08	LV3005273262	LV7009026510	NA	double strand DNA Library Method	90.5	90.5	/projects/caeg/data/production/LV7/009/026/LV7009026510/20230927_AHNLW5DSX5	 Lib_LV7009026510	/projects/caeg/data/production/LV7/009/026/LV7009026510/20230927_AHNLW5DSX5/stats/metadmg/aggregate//Lib_LV7009026510_collapsed.stat.gz
CAM2208M	CAM22-08	LV3005273240	LV7009026512	NA	double strand DNA Library Method	69	69	/projects/caeg/data/production/LV7/009/026/LV7009026512/20230927_AHNLW5DSX5	 Lib_LV7009026512	/projects/caeg/data/production/LV7/009/026/LV7009026512/20230927_AHNLW5DSX5/stats/metadmg/aggregate//Lib_LV7009026512_collapsed.stat.gz
CAM2208M	CAM22-08	LV3005272704	LV7009026520	NA	double strand DNA Library Method	113.5	113.5	/projects/caeg/data/production/LV7/009/026/LV7009026520/20230927_AHNLW5DSX5	 Lib_LV7009026520	/projects/caeg/data/production/LV7/009/026/LV7009026520/20230927_AHNLW5DSX5/stats/metadmg/aggregate//Lib_LV7009026520_collapsed.stat.gz
CAM2208M	CAM22-08	LV3005273259	LV7009026521	NA	double strand DNA Library Method	103.5	103.5	/projects/caeg/data/production/LV7/009/026/LV7009026521/20230927_AHNLW5DSX5	 Lib_LV7009026521	/projects/caeg/data/production/LV7/009/026/LV7009026521/20230927_AHNLW5DSX5/stats/metadmg/aggregate//Lib_LV7009026521_collapsed.stat.gz
CAM2208M	CAM22-08	LV3005273267	LV7009026522	NA	double strand DNA Library Method	92	92	/projects/caeg/data/production/LV7/009/026/LV7009026522/20230927_AHNLW5DSX5	 Lib_LV7009026522	/projects/caeg/data/production/LV7/009/026/LV7009026522/20230927_AHNLW5DSX5/stats/metadmg/aggregate//Lib_LV7009026522_collapsed.stat.gz
CAM2208M	CAM22-08	LV3005273257	LV7009026523	NA	double strand DNA Library Method	80.5	80.5	/projects/caeg/data/production/LV7/009/026/LV7009026523/20230927_AHNLW5DSX5	 Lib_LV7009026523	/projects/caeg/data/production/LV7/009/026/LV7009026523/20230927_AHNLW5DSX5/stats/metadmg/aggregate//Lib_LV7009026523_collapsed.stat.gz
CAM2208M	CAM22-08	LV3005273234	LV7009026524	NA	double strand DNA Library Method	70.5	70.5	/projects/caeg/data/production/LV7/009/026/LV7009026524/20230927_AHNLW5DSX5	 Lib_LV7009026524	/projects/caeg/data/production/LV7/009/026/LV7009026524/20230927_AHNLW5DSX5/stats/metadmg/aggregate//Lib_LV7009026524_collapsed.stat.gz
